{"x_title": [[885.9854125976562, 2429.054443359375, 1065.299560546875, 2491.526123046875, 0.9365249872207642], [1688.346923828125, 624.1267700195312, 1763.6602783203125, 664.0536499023438, 0.1655314415693283], [556.5262451171875, 2658.865478515625, 793.0807495117188, 2693.324462890625, 0.11905898153781891], [1228.9334716796875, 2645.292236328125, 1408.2432861328125, 2681.59716796875, 0.10956084728240967], [944.9007568359375, 2650.85107421875, 1100.90234375, 2684.761962890625, 0.05049850419163704], [884.5927734375, 2432.77783203125, 929.9388427734375, 2491.45263671875, 0.04590165987610817], [199.55455017089844, 1524.957763671875, 252.39871215820312, 1747.7930908203125, 0.04204028844833374], [803.4005737304688, 132.96832275390625, 1105.62939453125, 252.6546630859375, 0.03153239190578461], [1707.459228515625, 689.7371215820312, 1763.1201171875, 720.4296264648438, 0.03137356787919998], [1932.83056640625, 2845.34521484375, 1974.0, 2859.988525390625, 0.025253957137465477], [535.5670776367188, 2640.310791015625, 1415.9185791015625, 2691.41259765625, 0.023164834827184677], [1710.24658203125, 816.0770874023438, 1764.4256591796875, 848.375732421875, 0.021631885319948196], [632.892333984375, 363.59320068359375, 1302.3448486328125, 410.1421203613281, 0.02153448387980461], [554.8015747070312, 2652.581298828125, 1114.31640625, 2691.718994140625, 0.021035725250840187], [1707.9285888671875, 755.3495483398438, 1763.7044677734375, 780.1372680664062, 0.01974303461611271]], "y_title": [[199.52816772460938, 1524.44921875, 252.996826171875, 1748.803955078125, 0.9806992411613464], [1687.280517578125, 623.3236694335938, 1763.9112548828125, 665.2615356445312, 0.17792771756649017], [803.4005737304688, 132.96832275390625, 1105.62939453125, 252.6546630859375, 0.07927629351615906], [1707.4888916015625, 689.3819580078125, 1762.9208984375, 720.5638427734375, 0.0472380593419075], [1228.91064453125, 2644.85302734375, 1408.748046875, 2681.45263671875, 0.04550508037209511], [556.5262451171875, 2658.865478515625, 793.0807495117188, 2693.324462890625, 0.043723154813051224], [633.1417846679688, 363.6569519042969, 1302.2645263671875, 411.0404968261719, 0.03060983493924141], [885.9074096679688, 2429.203125, 1064.5357666015625, 2491.417236328125, 0.026422271504998207], [606.7985229492188, 364.4286804199219, 1316.0767822265625, 467.3175964355469, 0.025893107056617737], [1707.9285888671875, 755.3495483398438, 1763.7044677734375, 780.1372680664062, 0.02426080033183098], [944.2081909179688, 2650.32421875, 1100.8824462890625, 2684.918212890625, 0.022660741582512856], [1709.5589599609375, 787.037353515625, 1763.773193359375, 811.0296020507812, 0.021855615079402924], [1704.455322265625, 693.7965087890625, 1765.6307373046875, 853.2285766601562, 0.02173066884279251], [426.4295959472656, 2208.34619140625, 771.4156494140625, 2245.832763671875, 0.020578164607286453], [189.90721130371094, 674.9568481445312, 393.10675048828125, 2350.154296875, 0.018733898177742958], [1709.833251953125, 816.512451171875, 1764.392578125, 848.0068359375, 0.018337253481149673]], "plot_area": [[379.93792724609375, 694.6358032226562, 1691.7471923828125, 2319.85498046875, 0.9821127653121948], [150.86050415039062, 117.94136047363281, 1830.9500732421875, 727.5442504882812, 0.16372886300086975], [48.621150970458984, 127.31758117675781, 1884.2919921875, 425.22686767578125, 0.032849617302417755], [396.9532775878906, 256.8853454589844, 1769.332763671875, 736.2228393554688, 0.028175456449389458], [46.84718322753906, 104.19335174560547, 1848.5966796875, 315.2847900390625, 0.022103626281023026]], "other": [[426.2244873046875, 2209.93408203125, 772.2789306640625, 2246.388671875, 0.4706838130950928], [603.833984375, 423.8248291015625, 1297.88525390625, 469.1412048339844, 0.3634297251701355], [804.8289794921875, 135.30189514160156, 1105.413818359375, 248.20848083496094, 0.3111494183540344], [944.9007568359375, 2650.85107421875, 1100.90234375, 2684.761962890625, 0.3016017973423004], [632.9505004882812, 362.8316955566406, 1300.393310546875, 411.1832275390625, 0.2920801043510437], [556.5623168945312, 2658.645263671875, 792.9605102539062, 2693.698486328125, 0.24794429540634155], [1707.459228515625, 689.7371215820312, 1763.1201171875, 720.4296264648438, 0.1832478940486908], [1227.8648681640625, 2645.519775390625, 1407.680419921875, 2681.767333984375, 0.18291224539279938], [599.15869140625, 364.3861083984375, 1342.572265625, 468.0524597167969, 0.17304359376430511], [1687.0218505859375, 622.9088134765625, 1763.8634033203125, 663.927978515625, 0.1703794300556183], [1708.4481201171875, 753.9105834960938, 1762.8331298828125, 780.6423950195312, 0.12771064043045044], [1707.9359130859375, 724.5609130859375, 1763.4317626953125, 748.8073120117188, 0.1045001745223999], [1710.24658203125, 816.0770874023438, 1764.4256591796875, 848.375732421875, 0.1003911942243576], [1709.5589599609375, 787.037353515625, 1763.773193359375, 811.0296020507812, 0.0988248959183693], [885.9074096679688, 2429.203125, 1064.5357666015625, 2491.417236328125, 0.0500008687376976], [1704.455322265625, 693.7965087890625, 1765.6307373046875, 853.2285766601562, 0.04058022424578667], [548.0326538085938, 2650.9140625, 1423.8984375, 2692.48388671875, 0.036661870777606964], [884.5927734375, 2432.77783203125, 929.9388427734375, 2491.45263671875, 0.02924329601228237], [554.8015747070312, 2652.581298828125, 1114.31640625, 2691.718994140625, 0.02250554785132408]], "xlabel": [[867.1398315429688, 2345.732177734375, 920.0416259765625, 2386.033203125, 0.9827144742012024], [611.7545776367188, 2350.27294921875, 667.56689453125, 2390.366943359375, 0.9818431735038757], [1087.587158203125, 2339.76611328125, 1144.4332275390625, 2381.84375, 0.9800235033035278], [1289.8515625, 2336.898681640625, 1346.294189453125, 2377.930908203125, 0.9799685478210449], [1477.9639892578125, 2334.9736328125, 1534.1312255859375, 2375.390625, 0.9778639674186707], [361.5386657714844, 2349.243408203125, 400.4664001464844, 2389.061279296875, 0.9769570827484131], [1654.2156982421875, 2333.205810546875, 1710.04736328125, 2374.249755859375, 0.9758099913597107], [1932.83056640625, 2845.34521484375, 1974.0, 2859.988525390625, 0.23433558642864227], [426.4295959472656, 2208.34619140625, 771.4156494140625, 2245.832763671875, 0.13412261009216309], [944.9007568359375, 2650.85107421875, 1100.90234375, 2684.761962890625, 0.10161581635475159], [556.6373901367188, 2658.79296875, 793.1450805664062, 2693.1025390625, 0.044561054557561874], [1919.725830078125, 2843.255615234375, 1974.0, 2860.0, 0.03504887595772743], [1227.523193359375, 2644.990234375, 1408.57373046875, 2681.51806640625, 0.030417030677199364], [1707.9359130859375, 724.5609130859375, 1763.4317626953125, 748.8073120117188, 0.022791733965277672], [1843.542236328125, 2857.90576171875, 1973.861572265625, 2859.968505859375, 0.021595465019345284], [1812.2861328125, 2845.78515625, 1974.0, 2859.996337890625, 0.020131271332502365]],