{"x_title": [[885.985107421875, 2429.054931640625, 1065.2996826171875, 2491.52587890625, 0.9365309476852417], [1688.346923828125, 624.1270751953125, 1763.6602783203125, 664.052978515625, 0.16553857922554016], [556.5262451171875, 2658.8662109375, 793.0807495117188, 2693.324462890625, 0.11904866248369217], [1228.932861328125, 2645.292236328125, 1408.24267578125, 2681.59716796875, 0.10955595225095749], [944.900146484375, 2650.851318359375, 1100.9022216796875, 2684.76220703125, 0.05050893872976303], [884.5927734375, 2432.77783203125, 929.938232421875, 2491.45263671875, 0.045906417071819305], [199.55416870117188, 1524.95849609375, 252.40078735351562, 1747.79296875, 0.04203878715634346], [803.4003295898438, 132.96792602539062, 1105.6290283203125, 252.655029296875, 0.031535811722278595], [1707.458984375, 689.7374877929688, 1763.1201171875, 720.4297485351562, 0.031371649354696274], [1932.830078125, 2845.345458984375, 1974.0, 2859.98828125, 0.025253809988498688], [535.5692138671875, 2640.303466796875, 1415.92236328125, 2691.412353515625, 0.023161711171269417], [1710.246826171875, 816.076416015625, 1764.42578125, 848.3758544921875, 0.021633364260196686], [632.8935546875, 363.5919494628906, 1302.3450927734375, 410.14404296875, 0.021531488746404648], [554.79931640625, 2652.5810546875, 1114.30419921875, 2691.718017578125, 0.021039696410298347], [1707.9276123046875, 755.34912109375, 1763.7042236328125, 780.1378173828125, 0.01974446140229702]], "y_title": [[199.52806091308594, 1524.4490966796875, 252.996826171875, 1748.8035888671875, 0.9806997179985046], [1687.280517578125, 623.3233642578125, 1763.91162109375, 665.26220703125, 0.17792172729969025], [803.4003295898438, 132.96792602539062, 1105.6290283203125, 252.655029296875, 0.07927410304546356], [1707.489990234375, 689.3822021484375, 1762.921630859375, 720.5637817382812, 0.047237470746040344], [1228.9097900390625, 2644.85400390625, 1408.748046875, 2681.452392578125, 0.04550310969352722], [556.5262451171875, 2658.8662109375, 793.0807495117188, 2693.324462890625, 0.04372157156467438], [633.1416015625, 363.6565856933594, 1302.2642822265625, 411.04083251953125, 0.03061004914343357], [885.9071044921875, 2429.203125, 1064.53564453125, 2491.417236328125, 0.026431549340486526], [606.800537109375, 364.428955078125, 1316.0760498046875, 467.3180847167969, 0.025889838114380836], [1707.9276123046875, 755.34912109375, 1763.7042236328125, 780.1378173828125, 0.024260269477963448], [944.2083129882812, 2650.32373046875, 1100.8822021484375, 2684.917724609375, 0.022660208866000175], [1709.5584716796875, 787.037353515625, 1763.772705078125, 811.0296020507812, 0.021855544298887253], [1704.4556884765625, 693.7957763671875, 1765.632080078125, 853.2260131835938, 0.021726449951529503], [426.4299011230469, 2208.3466796875, 771.416748046875, 2245.8330078125, 0.02058214135468006], [189.9085693359375, 674.9569091796875, 393.1080017089844, 2350.150146484375, 0.01873529702425003], [1709.8341064453125, 816.5132446289062, 1764.3919677734375, 848.0061645507812, 0.018340423703193665]], "plot_area": [[379.93792724609375, 694.6339111328125, 1691.7471923828125, 2319.854248046875, 0.9821127653121948], [150.84913635253906, 117.94420623779297, 1830.952880859375, 727.5455322265625, 0.16376088559627533], [48.60774612426758, 127.27545928955078, 1884.2979736328125, 424.83343505859375, 0.032893821597099304], [396.9605712890625, 256.9322814941406, 1769.3323974609375, 736.2317504882812, 0.02818332612514496], [46.84093475341797, 104.19290161132812, 1848.6016845703125, 315.2807312011719, 0.022105686366558075]], "other": [[426.22515869140625, 2209.93408203125, 772.278564453125, 2246.388671875, 0.47067442536354065], [603.8359375, 423.8252258300781, 1297.8863525390625, 469.140869140625, 0.3634175658226013], [804.8280639648438, 135.30169677734375, 1105.414306640625, 248.2078094482422, 0.3111709952354431], [944.900146484375, 2650.851318359375, 1100.9022216796875, 2684.76220703125, 0.30162307620048523], [632.9501953125, 362.8320007324219, 1300.3934326171875, 411.1833801269531, 0.2920881509780884], [556.5626220703125, 2658.645263671875, 792.9605102539062, 2693.698974609375, 0.24794968962669373], [1707.458984375, 689.7374877929688, 1763.1201171875, 720.4297485351562, 0.18328437209129333], [1227.864501953125, 2645.520263671875, 1407.680908203125, 2681.767333984375, 0.18292145431041718], [599.158203125, 364.38555908203125, 1342.5743408203125, 468.0527038574219, 0.1730460673570633], [1687.021484375, 622.9088134765625, 1763.8634033203125, 663.9276733398438, 0.17037396132946014], [1708.4483642578125, 753.9110717773438, 1762.8343505859375, 780.6426391601562, 0.12775278091430664], [1707.9364013671875, 724.5610961914062, 1763.4310302734375, 748.8069458007812, 0.10452262312173843], [1710.246826171875, 816.076416015625, 1764.42578125, 848.3758544921875, 0.10039963573217392], [1709.5584716796875, 787.037353515625, 1763.772705078125, 811.0296020507812, 0.09881921112537384], [885.9071044921875, 2429.203125, 1064.53564453125, 2491.417236328125, 0.05001530423760414], [1704.4556884765625, 693.7957763671875, 1765.632080078125, 853.2260131835938, 0.040567196905612946], [548.0360107421875, 2650.91455078125, 1423.9051513671875, 2692.483154296875, 0.03667716309428215], [884.5927734375, 2432.77783203125, 929.938232421875, 2491.45263671875, 0.029248138889670372], [554.79931640625, 2652.5810546875, 1114.30419921875, 2691.718017578125, 0.022516291588544846]], "xlabel": [[867.1400756835938, 2345.732421875, 920.0416259765625, 2386.033203125, 0.9827159643173218], [611.7548217773438, 2350.27294921875, 667.566650390625, 2390.3671875, 0.9818382263183594], [1087.586669921875, 2339.76513671875, 1144.43310546875, 2381.84423828125, 0.9800185561180115], [1289.8519287109375, 2336.899169921875, 1346.29443359375, 2377.9306640625, 0.9799648523330688], [1477.9638671875, 2334.973876953125, 1534.13134765625, 2375.390869140625, 0.9778645634651184], [361.5387878417969, 2349.243408203125, 400.4665832519531, 2389.061279296875, 0.976956307888031], [1654.2149658203125, 2333.2060546875, 1710.0474853515625, 2374.249755859375, 0.975811779499054], [1932.830078125, 2845.345458984375, 1974.0, 2859.98828125, 0.23434674739837646], [426.4299011230469, 2208.3466796875, 771.416748046875, 2245.8330078125, 0.13410800695419312], [944.900146484375, 2650.851318359375, 1100.9022216796875, 2684.76220703125, 0.10161364823579788], [556.6378784179688, 2658.79345703125, 793.1458129882812, 2693.10205078125, 0.044557325541973114], [1919.710693359375, 2843.25537109375, 1974.0, 2860.0, 0.035005610436201096], [1227.5224609375, 2644.990478515625, 1408.5726318359375, 2681.517822265625, 0.030417243018746376], [1707.9364013671875, 724.5610961914062, 1763.4310302734375, 748.8069458007812, 0.022790687158703804], [1843.54443359375, 2857.912353515625, 1973.862060546875, 2859.968505859375, 0.021594306454062462], [1812.29052734375, 2845.785888671875, 1974.0, 2859.99609375, 0.02013542130589485]],