{"x_title": [[885.9850463867188, 2429.054931640625, 1065.299560546875, 2491.52587890625, 0.9365307688713074], [1688.346923828125, 624.1270751953125, 1763.6602783203125, 664.052978515625, 0.16553962230682373], [556.5263061523438, 2658.8662109375, 793.0807495117188, 2693.324462890625, 0.11905118823051453], [1228.9329833984375, 2645.292236328125, 1408.2427978515625, 2681.59716796875, 0.10955554246902466], [944.9000244140625, 2650.851318359375, 1100.902099609375, 2684.76220703125, 0.05051051452755928], [884.5928955078125, 2432.777587890625, 929.9381713867188, 2491.452880859375, 0.04590766876935959], [199.55416870117188, 1524.9586181640625, 252.40074157714844, 1747.7930908203125, 0.04203946888446808], [803.400146484375, 132.96798706054688, 1105.6290283203125, 252.6549530029297, 0.031535059213638306], [1707.458984375, 689.7374877929688, 1763.1201171875, 720.4297485351562, 0.031371988356113434], [1932.830078125, 2845.345458984375, 1974.0, 2859.98828125, 0.025253765285015106], [535.568359375, 2640.3037109375, 1415.92236328125, 2691.412109375, 0.023162581026554108], [1710.246826171875, 816.0763549804688, 1764.42578125, 848.375732421875, 0.02163279801607132], [632.8933715820312, 363.5919494628906, 1302.3450927734375, 410.14404296875, 0.021531442180275917], [554.8009033203125, 2652.581298828125, 1114.3077392578125, 2691.718505859375, 0.021039465442299843], [1707.927734375, 755.34912109375, 1763.704345703125, 780.1376342773438, 0.019744129851460457]], "y_title": [[199.528076171875, 1524.44921875, 252.99679565429688, 1748.8037109375, 0.9806997179985046], [1687.280517578125, 623.3233642578125, 1763.91162109375, 665.26220703125, 0.17792217433452606], [803.400146484375, 132.96798706054688, 1105.6290283203125, 252.6549530029297, 0.07927429676055908], [1707.489990234375, 689.382080078125, 1762.921630859375, 720.5637817382812, 0.04723751172423363], [1228.909912109375, 2644.853759765625, 1408.7481689453125, 2681.45263671875, 0.045502226799726486], [556.5263061523438, 2658.8662109375, 793.0807495117188, 2693.324462890625, 0.04372259974479675], [633.1416015625, 363.6565856933594, 1302.2642822265625, 411.04083251953125, 0.030610136687755585], [885.9071044921875, 2429.203125, 1064.5357666015625, 2491.417236328125, 0.02643166109919548], [606.8006591796875, 364.42889404296875, 1316.076416015625, 467.3180236816406, 0.025889962911605835], [1707.927734375, 755.34912109375, 1763.704345703125, 780.1376342773438, 0.024260230362415314], [944.2083740234375, 2650.32373046875, 1100.882080078125, 2684.917724609375, 0.022660112008452415], [1709.558349609375, 787.037353515625, 1763.773193359375, 811.0297241210938, 0.021855030208826065], [1704.4556884765625, 693.7960815429688, 1765.6318359375, 853.2261962890625, 0.02172711119055748], [426.4302062988281, 2208.34619140625, 771.4161987304688, 2245.833984375, 0.020577479153871536], [189.90830993652344, 674.9570922851562, 393.10821533203125, 2350.14990234375, 0.01873542182147503], [1709.8341064453125, 816.51318359375, 1764.3919677734375, 848.0062255859375, 0.018340039998292923]], "plot_area": [[379.9378356933594, 694.6348266601562, 1691.7471923828125, 2319.854248046875, 0.9821127653121948], [150.85093688964844, 117.94392395019531, 1830.9537353515625, 727.5465087890625, 0.16375963389873505], [48.60842514038086, 127.27547454833984, 1884.298095703125, 424.83306884765625, 0.03289477899670601], [396.9572448730469, 256.9283142089844, 1769.3309326171875, 736.2323608398438, 0.028180832043290138], [46.840858459472656, 104.1935806274414, 1848.6014404296875, 315.28057861328125, 0.02210666611790657]], "other": [[426.22509765625, 2209.93408203125, 772.278564453125, 2246.388671875, 0.47067368030548096], [603.835693359375, 423.8252868652344, 1297.8863525390625, 469.1408386230469, 0.3634169101715088], [804.8282470703125, 135.30186462402344, 1105.4144287109375, 248.2080841064453, 0.31116783618927], [944.9000244140625, 2650.851318359375, 1100.902099609375, 2684.76220703125, 0.30162784457206726], [632.9500732421875, 362.8320007324219, 1300.393310546875, 411.1833801269531, 0.2920890748500824], [556.5625610351562, 2658.6455078125, 792.9606323242188, 2693.69873046875, 0.247945636510849], [1707.458984375, 689.7374877929688, 1763.1201171875, 720.4297485351562, 0.18328332901000977], [1227.8646240234375, 2645.52001953125, 1407.6807861328125, 2681.76708984375, 0.18291983008384705], [599.158203125, 364.3855285644531, 1342.5743408203125, 468.05279541015625, 0.17304666340351105], [1687.0213623046875, 622.9088134765625, 1763.86328125, 663.9276733398438, 0.17037349939346313], [1708.4483642578125, 753.9110717773438, 1762.8343505859375, 780.6426391601562, 0.12775233387947083], [1707.9364013671875, 724.5610961914062, 1763.4310302734375, 748.8069458007812, 0.10452423989772797], [1710.246826171875, 816.0763549804688, 1764.42578125, 848.375732421875, 0.10039900243282318], [1709.558349609375, 787.037353515625, 1763.773193359375, 811.0297241210938, 0.09881512075662613], [885.9071044921875, 2429.203125, 1064.5357666015625, 2491.417236328125, 0.050015706568956375], [1704.4556884765625, 693.7960815429688, 1765.6318359375, 853.2261962890625, 0.04056901857256889], [548.0364379882812, 2650.91455078125, 1423.9058837890625, 2692.483154296875, 0.03667684644460678], [884.5928955078125, 2432.777587890625, 929.9381713867188, 2491.452880859375, 0.029247701168060303], [554.8009033203125, 2652.581298828125, 1114.3077392578125, 2691.718505859375, 0.022516168653964996]], "xlabel": [[867.1400756835938, 2345.732421875, 920.0416259765625, 2386.033203125, 0.9827159643173218], [611.7548217773438, 2350.27294921875, 667.566650390625, 2390.3671875, 0.9818387031555176], [1087.586669921875, 2339.76513671875, 1144.43310546875, 2381.84423828125, 0.9800184369087219], [1289.8519287109375, 2336.899169921875, 1346.29443359375, 2377.9306640625, 0.9799646139144897], [1477.9638671875, 2334.973876953125, 1534.13134765625, 2375.390869140625, 0.9778647422790527], [361.538818359375, 2349.243408203125, 400.4666442871094, 2389.061279296875, 0.9769565463066101], [1654.2149658203125, 2333.2060546875, 1710.0474853515625, 2374.249755859375, 0.9758122563362122], [1932.830078125, 2845.345458984375, 1974.0, 2859.98828125, 0.23434634506702423], [426.4302062988281, 2208.34619140625, 771.4161987304688, 2245.833984375, 0.1341109275817871], [944.9000244140625, 2650.851318359375, 1100.902099609375, 2684.76220703125, 0.10161110013723373], [556.6377563476562, 2658.79345703125, 793.145751953125, 2693.10205078125, 0.04455798491835594], [1919.710693359375, 2843.25537109375, 1974.0, 2860.0, 0.035006020218133926], [1227.5225830078125, 2644.990478515625, 1408.5728759765625, 2681.517822265625, 0.030418390408158302], [1707.9364013671875, 724.5610961914062, 1763.4310302734375, 748.8069458007812, 0.02279125712811947], [1843.5421142578125, 2857.913330078125, 1973.862060546875, 2859.96826171875, 0.021594716235995293], [1812.2900390625, 2845.785888671875, 1974.0, 2859.99609375, 0.020135149359703064]],