{"x_title": [[885.9855346679688, 2429.054443359375, 1065.299560546875, 2491.526123046875, 0.9365249872207642], [1688.347412109375, 624.1271362304688, 1763.6600341796875, 664.0532836914062, 0.16552938520908356], [556.5263061523438, 2658.865478515625, 793.080810546875, 2693.324462890625, 0.11905577033758163], [1228.933349609375, 2645.292236328125, 1408.24365234375, 2681.59716796875, 0.10956154018640518], [944.9008178710938, 2650.85107421875, 1100.90234375, 2684.761962890625, 0.050498392432928085], [884.5929565429688, 2432.77783203125, 929.93896484375, 2491.45263671875, 0.04590306058526039], [199.5547332763672, 1524.9571533203125, 252.398193359375, 1747.793701171875, 0.04203534126281738], [803.4008178710938, 132.9689483642578, 1105.62939453125, 252.65499877929688, 0.03153357282280922], [1707.458984375, 689.7371826171875, 1763.119873046875, 720.429443359375, 0.031373605132102966], [1932.8302001953125, 2845.34521484375, 1974.0, 2859.988525390625, 0.025253675878047943], [535.5645141601562, 2640.310302734375, 1415.9188232421875, 2691.41259765625, 0.023161400109529495], [1710.2464599609375, 816.0770263671875, 1764.4254150390625, 848.3756713867188, 0.021630970761179924], [632.892333984375, 363.59326171875, 1302.3446044921875, 410.14202880859375, 0.021534688770771027], [554.8008422851562, 2652.5810546875, 1114.3154296875, 2691.71875, 0.021039457991719246], [1707.9283447265625, 755.3497314453125, 1763.7047119140625, 780.13720703125, 0.01974322833120823]], "y_title": [[199.5281524658203, 1524.449462890625, 252.9968719482422, 1748.8038330078125, 0.9806967377662659], [1687.2806396484375, 623.3237915039062, 1763.9114990234375, 665.2615356445312, 0.17792879045009613], [803.4008178710938, 132.9689483642578, 1105.62939453125, 252.65499877929688, 0.07927455008029938], [1707.4888916015625, 689.3819580078125, 1762.9208984375, 720.5641479492188, 0.04723738878965378], [1228.9107666015625, 2644.853271484375, 1408.7479248046875, 2681.452392578125, 0.045505452901124954], [556.5263061523438, 2658.865478515625, 793.080810546875, 2693.324462890625, 0.04372246563434601], [633.1421508789062, 363.65679931640625, 1302.2646484375, 411.0406494140625, 0.030609337612986565], [885.9072265625, 2429.203125, 1064.53564453125, 2491.4169921875, 0.026432912796735764], [606.798828125, 364.4286193847656, 1316.0767822265625, 467.3177490234375, 0.025895409286022186], [1707.9283447265625, 755.3497314453125, 1763.7047119140625, 780.13720703125, 0.024260545149445534], [944.2083740234375, 2650.32421875, 1100.8824462890625, 2684.918212890625, 0.02265947312116623], [1709.558837890625, 787.0372314453125, 1763.772705078125, 811.0299072265625, 0.021858250722289085], [1704.4554443359375, 693.7960815429688, 1765.6312255859375, 853.2276611328125, 0.021730195730924606], [426.4298400878906, 2208.345947265625, 771.4152221679688, 2245.83349609375, 0.020573891699314117], [189.90658569335938, 674.9564819335938, 393.1069030761719, 2350.153076171875, 0.01873454451560974], [1709.8331298828125, 816.5125732421875, 1764.392822265625, 848.0066528320312, 0.018336890265345573]], "plot_area": [[379.9377746582031, 694.6356811523438, 1691.7474365234375, 2319.85546875, 0.9821127653121948], [150.86155700683594, 117.94153594970703, 1830.949462890625, 727.5432739257812, 0.16374842822551727], [48.621376037597656, 127.31814575195312, 1884.2919921875, 425.2378845214844, 0.03285163268446922], [396.9523620605469, 256.8750305175781, 1769.337890625, 736.2222900390625, 0.02817637287080288], [46.84402084350586, 104.1923828125, 1848.59814453125, 315.28472900390625, 0.02210393361747265]], "other": [[426.224853515625, 2209.93408203125, 772.2789916992188, 2246.388671875, 0.47068291902542114], [603.8329467773438, 423.8249816894531, 1297.88525390625, 469.1407470703125, 0.36343666911125183], [804.8287353515625, 135.3019256591797, 1105.41357421875, 248.207275390625, 0.31114742159843445], [944.9008178710938, 2650.85107421875, 1100.90234375, 2684.761962890625, 0.30160388350486755], [632.9502563476562, 362.8316955566406, 1300.393310546875, 411.1833190917969, 0.2920870780944824], [556.5623168945312, 2658.645263671875, 792.9605102539062, 2693.698486328125, 0.24793948233127594], [1707.458984375, 689.7371826171875, 1763.119873046875, 720.429443359375, 0.1832515299320221], [1227.864990234375, 2645.519775390625, 1407.6807861328125, 2681.767333984375, 0.1829085350036621], [599.1588745117188, 364.3858642578125, 1342.57275390625, 468.0528259277344, 0.17304839193820953], [1687.0218505859375, 622.9087524414062, 1763.8634033203125, 663.9280395507812, 0.1703815460205078], [1708.4481201171875, 753.9105834960938, 1762.8331298828125, 780.6427001953125, 0.12771478295326233], [1707.9361572265625, 724.5606689453125, 1763.4315185546875, 748.8075561523438, 0.10449640452861786], [1710.2464599609375, 816.0770263671875, 1764.4254150390625, 848.3756713867188, 0.1003870889544487], [1709.558837890625, 787.0372314453125, 1763.772705078125, 811.0299072265625, 0.09883210062980652], [885.9072265625, 2429.203125, 1064.53564453125, 2491.4169921875, 0.05001784488558769], [1704.4554443359375, 693.7960815429688, 1765.6312255859375, 853.2276611328125, 0.04057740047574043], [548.0206909179688, 2650.913330078125, 1423.8916015625, 2692.48388671875, 0.03665098175406456], [884.5929565429688, 2432.77783203125, 929.93896484375, 2491.45263671875, 0.029243463650345802], [554.8008422851562, 2652.5810546875, 1114.3154296875, 2691.71875, 0.022504575550556183]], "xlabel": [[867.1400146484375, 2345.732421875, 920.0415649414062, 2386.033203125, 0.9827170968055725], [611.7545166015625, 2350.272705078125, 667.5668334960938, 2390.366943359375, 0.9818425178527832], [1087.586669921875, 2339.766357421875, 1144.4329833984375, 2381.84375, 0.9800236225128174], [1289.8515625, 2336.89892578125, 1346.294189453125, 2377.930908203125, 0.9799685478210449], [1477.963623046875, 2334.973876953125, 1534.1312255859375, 2375.390380859375, 0.9778627157211304], [361.5387268066406, 2349.24365234375, 400.4664611816406, 2389.0615234375, 0.976958692073822], [1654.2152099609375, 2333.2060546875, 1710.0474853515625, 2374.249755859375, 0.9758093953132629], [1932.8302001953125, 2845.34521484375, 1974.0, 2859.988525390625, 0.23433056473731995], [426.4298400878906, 2208.345947265625, 771.4152221679688, 2245.83349609375, 0.13411930203437805], [944.9008178710938, 2650.85107421875, 1100.90234375, 2684.761962890625, 0.10161467641592026], [556.6376953125, 2658.793212890625, 793.1455078125, 2693.102783203125, 0.04455984756350517], [1919.7410888671875, 2843.257080078125, 1974.0, 2860.0, 0.03510059043765068], [1227.522705078125, 2644.990478515625, 1408.5731201171875, 2681.517822265625, 0.030423641204833984], [1707.9361572265625, 724.5606689453125, 1763.4315185546875, 748.8075561523438, 0.022790979593992233], [1843.5474853515625, 2857.9072265625, 1973.8616943359375, 2859.96826171875, 0.021596528589725494], [1812.2904052734375, 2845.78466796875, 1974.0, 2859.99609375, 0.020130155608057976]],